component,dataset,dataset_name,source,formula,numerator,denominator,value,status
raw_decision_accuracy,wdbc,Wisconsin Diagnostic Breast Cancer,https://archive.ics.uci.edu/ml/machine-learning-databases/breast-cancer-wisconsin/wdbc.data,mean(fold raw accuracies),see fold CSV,5 folds,0.9525817622162371,real_calculated
accepted_decision_count,wdbc,Wisconsin Diagnostic Breast Cancer,https://archive.ics.uci.edu/ml/machine-learning-databases/breast-cancer-wisconsin/wdbc.data,sum(accepted decisions over folds),446,569,446,real_calculated
pending_decision_count,wdbc,Wisconsin Diagnostic Breast Cancer,https://archive.ics.uci.edu/ml/machine-learning-databases/breast-cancer-wisconsin/wdbc.data,sum(pending decisions over folds),123,569,123,real_calculated
accepted_reference_accuracy,wdbc,Wisconsin Diagnostic Breast Cancer,https://archive.ics.uci.edu/ml/machine-learning-databases/breast-cancer-wisconsin/wdbc.data,accepted_true/(accepted_true+accepted_false),443,446,0.9932735426008968,real_calculated
accepted_coverage,wdbc,Wisconsin Diagnostic Breast Cancer,https://archive.ics.uci.edu/ml/machine-learning-databases/breast-cancer-wisconsin/wdbc.data,accepted_total/n_samples,446,569,0.7838312829525483,real_calculated
pending_fraction,wdbc,Wisconsin Diagnostic Breast Cancer,https://archive.ics.uci.edu/ml/machine-learning-databases/breast-cancer-wisconsin/wdbc.data,pending_total/n_samples,123,569,0.21616871704745166,real_calculated
brier_score,wdbc,Wisconsin Diagnostic Breast Cancer,https://archive.ics.uci.edu/ml/machine-learning-databases/breast-cancer-wisconsin/wdbc.data,mean((p-y)^2) over held-out fold predictions,see prediction probabilities in script,569,0.03243282000337065,real_calculated
ece_10bin,wdbc,Wisconsin Diagnostic Breast Cancer,https://archive.ics.uci.edu/ml/machine-learning-databases/breast-cancer-wisconsin/wdbc.data,10-bin expected calibration error over held-out fold predictions,weighted absolute calibration gaps,569,0.013306736523496277,real_calculated
aurc_confidence,wdbc,Wisconsin Diagnostic Breast Cancer,https://archive.ics.uci.edu/ml/machine-learning-databases/breast-cancer-wisconsin/wdbc.data,mean selective risk while sweeping accepted coverage by confidence,cumulative held-out errors ordered by confidence,569,0.005699948954383136,real_calculated
raw_decision_accuracy,ionosphere,Johns Hopkins Ionosphere,https://archive.ics.uci.edu/ml/machine-learning-databases/ionosphere/ionosphere.data,mean(fold raw accuracies),see fold CSV,5 folds,0.8775050301810865,real_calculated
accepted_decision_count,ionosphere,Johns Hopkins Ionosphere,https://archive.ics.uci.edu/ml/machine-learning-databases/ionosphere/ionosphere.data,sum(accepted decisions over folds),192,351,192,real_calculated
pending_decision_count,ionosphere,Johns Hopkins Ionosphere,https://archive.ics.uci.edu/ml/machine-learning-databases/ionosphere/ionosphere.data,sum(pending decisions over folds),159,351,159,real_calculated
accepted_reference_accuracy,ionosphere,Johns Hopkins Ionosphere,https://archive.ics.uci.edu/ml/machine-learning-databases/ionosphere/ionosphere.data,accepted_true/(accepted_true+accepted_false),185,192,0.9635416666666666,real_calculated
accepted_coverage,ionosphere,Johns Hopkins Ionosphere,https://archive.ics.uci.edu/ml/machine-learning-databases/ionosphere/ionosphere.data,accepted_total/n_samples,192,351,0.5470085470085471,real_calculated
pending_fraction,ionosphere,Johns Hopkins Ionosphere,https://archive.ics.uci.edu/ml/machine-learning-databases/ionosphere/ionosphere.data,pending_total/n_samples,159,351,0.452991452991453,real_calculated
brier_score,ionosphere,Johns Hopkins Ionosphere,https://archive.ics.uci.edu/ml/machine-learning-databases/ionosphere/ionosphere.data,mean((p-y)^2) over held-out fold predictions,see prediction probabilities in script,351,0.09838189477958661,real_calculated
ece_10bin,ionosphere,Johns Hopkins Ionosphere,https://archive.ics.uci.edu/ml/machine-learning-databases/ionosphere/ionosphere.data,10-bin expected calibration error over held-out fold predictions,weighted absolute calibration gaps,351,0.05672381057767423,real_calculated
aurc_confidence,ionosphere,Johns Hopkins Ionosphere,https://archive.ics.uci.edu/ml/machine-learning-databases/ionosphere/ionosphere.data,mean selective risk while sweeping accepted coverage by confidence,cumulative held-out errors ordered by confidence,351,0.05083294790596203,real_calculated
raw_decision_accuracy,sonar,Connectionist Bench Sonar,https://archive.ics.uci.edu/ml/machine-learning-databases/undocumented/connectionist-bench/sonar/sonar.all-data,mean(fold raw accuracies),see fold CSV,5 folds,0.7683818167085323,real_calculated
accepted_decision_count,sonar,Connectionist Bench Sonar,https://archive.ics.uci.edu/ml/machine-learning-databases/undocumented/connectionist-bench/sonar/sonar.all-data,sum(accepted decisions over folds),48,208,48,real_calculated
pending_decision_count,sonar,Connectionist Bench Sonar,https://archive.ics.uci.edu/ml/machine-learning-databases/undocumented/connectionist-bench/sonar/sonar.all-data,sum(pending decisions over folds),160,208,160,real_calculated
accepted_reference_accuracy,sonar,Connectionist Bench Sonar,https://archive.ics.uci.edu/ml/machine-learning-databases/undocumented/connectionist-bench/sonar/sonar.all-data,accepted_true/(accepted_true+accepted_false),43,48,0.8958333333333334,real_calculated
accepted_coverage,sonar,Connectionist Bench Sonar,https://archive.ics.uci.edu/ml/machine-learning-databases/undocumented/connectionist-bench/sonar/sonar.all-data,accepted_total/n_samples,48,208,0.23076923076923078,real_calculated
pending_fraction,sonar,Connectionist Bench Sonar,https://archive.ics.uci.edu/ml/machine-learning-databases/undocumented/connectionist-bench/sonar/sonar.all-data,pending_total/n_samples,160,208,0.7692307692307693,real_calculated
brier_score,sonar,Connectionist Bench Sonar,https://archive.ics.uci.edu/ml/machine-learning-databases/undocumented/connectionist-bench/sonar/sonar.all-data,mean((p-y)^2) over held-out fold predictions,see prediction probabilities in script,208,0.16793374495256932,real_calculated
ece_10bin,sonar,Connectionist Bench Sonar,https://archive.ics.uci.edu/ml/machine-learning-databases/undocumented/connectionist-bench/sonar/sonar.all-data,10-bin expected calibration error over held-out fold predictions,weighted absolute calibration gaps,208,0.08825839246875,real_calculated
aurc_confidence,sonar,Connectionist Bench Sonar,https://archive.ics.uci.edu/ml/machine-learning-databases/undocumented/connectionist-bench/sonar/sonar.all-data,mean selective risk while sweeping accepted coverage by confidence,cumulative held-out errors ordered by confidence,208,0.12593972864598307,real_calculated
raw_decision_accuracy,cleveland,Cleveland Heart Disease,https://archive.ics.uci.edu/ml/machine-learning-databases/heart-disease/processed.cleveland.data,mean(fold raw accuracies),see fold CSV,5 folds,0.8483050847457626,real_calculated
accepted_decision_count,cleveland,Cleveland Heart Disease,https://archive.ics.uci.edu/ml/machine-learning-databases/heart-disease/processed.cleveland.data,sum(accepted decisions over folds),73,297,73,real_calculated
pending_decision_count,cleveland,Cleveland Heart Disease,https://archive.ics.uci.edu/ml/machine-learning-databases/heart-disease/processed.cleveland.data,sum(pending decisions over folds),224,297,224,real_calculated
accepted_reference_accuracy,cleveland,Cleveland Heart Disease,https://archive.ics.uci.edu/ml/machine-learning-databases/heart-disease/processed.cleveland.data,accepted_true/(accepted_true+accepted_false),72,73,0.9863013698630136,real_calculated
accepted_coverage,cleveland,Cleveland Heart Disease,https://archive.ics.uci.edu/ml/machine-learning-databases/heart-disease/processed.cleveland.data,accepted_total/n_samples,73,297,0.24579124579124578,real_calculated
pending_fraction,cleveland,Cleveland Heart Disease,https://archive.ics.uci.edu/ml/machine-learning-databases/heart-disease/processed.cleveland.data,pending_total/n_samples,224,297,0.7542087542087542,real_calculated
brier_score,cleveland,Cleveland Heart Disease,https://archive.ics.uci.edu/ml/machine-learning-databases/heart-disease/processed.cleveland.data,mean((p-y)^2) over held-out fold predictions,see prediction probabilities in script,297,0.11889060209573217,real_calculated
ece_10bin,cleveland,Cleveland Heart Disease,https://archive.ics.uci.edu/ml/machine-learning-databases/heart-disease/processed.cleveland.data,10-bin expected calibration error over held-out fold predictions,weighted absolute calibration gaps,297,0.050555560042165465,real_calculated
aurc_confidence,cleveland,Cleveland Heart Disease,https://archive.ics.uci.edu/ml/machine-learning-databases/heart-disease/processed.cleveland.data,mean selective risk while sweeping accepted coverage by confidence,cumulative held-out errors ordered by confidence,297,0.0632081925627205,real_calculated
raw_decision_accuracy,haberman,Haberman Survival,https://archive.ics.uci.edu/ml/machine-learning-databases/haberman/haberman.data,mean(fold raw accuracies),see fold CSV,5 folds,0.7518773135906928,real_calculated
accepted_decision_count,haberman,Haberman Survival,https://archive.ics.uci.edu/ml/machine-learning-databases/haberman/haberman.data,sum(accepted decisions over folds),0,306,0,real_calculated
pending_decision_count,haberman,Haberman Survival,https://archive.ics.uci.edu/ml/machine-learning-databases/haberman/haberman.data,sum(pending decisions over folds),306,306,306,real_calculated
accepted_reference_accuracy,haberman,Haberman Survival,https://archive.ics.uci.edu/ml/machine-learning-databases/haberman/haberman.data,accepted_true/(accepted_true+accepted_false),0,0,0.0,real_calculated_zero_accepted_negative_result
accepted_coverage,haberman,Haberman Survival,https://archive.ics.uci.edu/ml/machine-learning-databases/haberman/haberman.data,accepted_total/n_samples,0,306,0.0,real_calculated
pending_fraction,haberman,Haberman Survival,https://archive.ics.uci.edu/ml/machine-learning-databases/haberman/haberman.data,pending_total/n_samples,306,306,1.0,real_calculated
brier_score,haberman,Haberman Survival,https://archive.ics.uci.edu/ml/machine-learning-databases/haberman/haberman.data,mean((p-y)^2) over held-out fold predictions,see prediction probabilities in script,306,0.1811154344494995,real_calculated
ece_10bin,haberman,Haberman Survival,https://archive.ics.uci.edu/ml/machine-learning-databases/haberman/haberman.data,10-bin expected calibration error over held-out fold predictions,weighted absolute calibration gaps,306,0.030762022468358616,real_calculated
aurc_confidence,haberman,Haberman Survival,https://archive.ics.uci.edu/ml/machine-learning-databases/haberman/haberman.data,mean selective risk while sweeping accepted coverage by confidence,cumulative held-out errors ordered by confidence,306,0.20836958441595857,real_calculated
temporal_event_segmentation,UCI Individual household electric power consumption,UCI Individual household electric power consumption,https://archive.ics.uci.edu/ml/machine-learning-databases/00235/household_power_consumption.zip,low-to-high crossing: previous power <= q25 and current power >= q75,372,2075259,372,real_calculated
dwell_rule,UCI Individual household electric power consumption,UCI Individual household electric power consumption,https://archive.ics.uci.edu/ml/machine-learning-databases/00235/household_power_consumption.zip,power >= q75 for 5 consecutive minutes,126,372,126,real_calculated
first_exit_retention,UCI Individual household electric power consumption,UCI Individual household electric power consumption,https://archive.ics.uci.edu/ml/machine-learning-databases/00235/household_power_consumption.zip,accepted_retained_events / candidate_after_dwell_events,56,126,0.4444444444444444,real_calculated
cost_normalized_vste,UCI Individual household electric power consumption,UCI Individual household electric power consumption,https://archive.ics.uci.edu/ml/machine-learning-databases/00235/household_power_consumption.zip,accepted_retained_events / total_observed_energy_kwh,56,37283.74769999999,0.0015019949295494244,real_calculated_observed_denominator_incomplete
missingness_and_denominator_completeness,UCI Individual household electric power consumption,UCI Individual household electric power consumption,https://archive.ics.uci.edu/ml/machine-learning-databases/00235/household_power_consumption.zip,missing one-minute samples / full one-minute grid,25979,2075259,0.012518437457686004,real_calculated_denominator_flagged
cost_normalized_vste_missing_adjusted_sensitivity,UCI Individual household electric power consumption,UCI Individual household electric power consumption,https://archive.ics.uci.edu/ml/machine-learning-databases/00235/household_power_consumption.zip,accepted_retained_events / (observed_energy + missing_minutes * observed_median_power / 60),56,37544.40366666666,0.00149156717195961,real_calculated_sensitivity_denominator_estimated
descriptive_treated_vs_psid_mean_outcome_difference,Lalonde/MatchIt NSW treated versus PSID comparison dataset,Lalonde/MatchIt NSW treated versus PSID comparison dataset,https://vincentarelbundock.github.io/Rdatasets/csv/MatchIt/lalonde.csv,mean(re78 | treated) - mean(re78 | PSID comparison),-635.0262120374209,USD outcome scale,-635.0262120374209,real_calculated
descriptive_treated_vs_psid_transition_fraction_difference,Lalonde/MatchIt NSW treated versus PSID comparison dataset,Lalonde/MatchIt NSW treated versus PSID comparison dataset,https://vincentarelbundock.github.io/Rdatasets/csv/MatchIt/lalonde.csv,Pr(re78 > re75 | treated) - Pr(re78 > re75 | PSID comparison),0.6702702702702703,0.662004662004662,0.008265608265608293,real_calculated
