event_id,timestamp,start_index,status,low_threshold_kw,high_threshold_kw,dwell_minutes,retention_minutes,retained,first_exit_minute,missing_in_dwell,missing_in_retention,n_missing_in_window,observed_event_energy_kwh,estimated_event_energy_kwh,peak_power_kw,mean_power_kw
1,2006-12-16 22:48:00,324,rejected_dwell_failure,0.308,1.528,5,30,0,,0,0,0,0.9722333333333334,0.9722333333333334,2.488,1.9444666666666668
2,2006-12-17 00:31:00,427,rejected_dwell_failure,0.308,1.528,5,30,0,,0,0,0,0.9022666666666667,0.9022666666666667,2.48,1.8045333333333333
3,2006-12-17 02:13:00,529,rejected_dwell_failure,0.308,1.528,5,30,0,,0,0,0,0.8228666666666666,0.8228666666666666,2.514,1.6457333333333333
4,2006-12-17 02:18:00,534,rejected_dwell_failure,0.308,1.528,5,30,0,,0,0,0,0.8218666666666666,0.8218666666666666,2.514,1.6437333333333333
5,2006-12-17 02:28:00,544,rejected_dwell_failure,0.308,1.528,5,30,0,,0,0,0,0.7969000000000002,0.7969000000000002,2.476,1.5938000000000003
6,2006-12-17 02:48:00,564,rejected_dwell_failure,0.308,1.528,5,30,0,,0,0,0,0.8620666666666666,0.8620666666666666,2.734,1.7241333333333333
7,2006-12-17 02:53:00,569,rejected_dwell_failure,0.308,1.528,5,30,0,,0,0,0,0.8685333333333334,0.8685333333333334,2.734,1.7370666666666668
8,2006-12-17 03:14:00,590,rejected_dwell_failure,0.308,1.528,5,30,0,,0,0,0,0.8329999999999997,0.8329999999999997,2.456,1.6659999999999995
9,2006-12-17 05:30:00,726,rejected_dwell_failure,0.308,1.528,5,30,0,,0,0,0,0.8587666666666666,0.8587666666666666,2.554,1.7175333333333331
10,2006-12-17 05:50:00,746,rejected_dwell_failure,0.308,1.528,5,30,0,,0,0,0,0.9176333333333334,0.9176333333333334,2.554,1.8352666666666668
11,2006-12-17 07:14:00,830,rejected_first_exit,0.308,1.528,5,30,0,19,0,0,0,1.0187333333333333,1.0187333333333333,2.378,2.0374666666666665
12,2006-12-17 07:34:00,850,rejected_first_exit,0.308,1.528,5,30,0,18,0,0,0,0.9299666666666666,0.9299666666666666,2.418,1.8599333333333332
13,2006-12-17 08:04:00,880,rejected_first_exit,0.308,1.528,5,30,0,7,0,0,0,0.9597333333333332,0.9597333333333332,2.512,1.9194666666666664
14,2006-12-17 08:12:00,888,rejected_first_exit,0.308,1.528,5,30,0,26,0,0,0,0.9495333333333332,0.9495333333333332,2.512,1.8990666666666665
15,2006-12-17 08:48:00,924,accepted_retained,0.308,1.528,5,30,1,,0,0,0,1.6858666666666666,1.6858666666666666,7.064,3.3717333333333332
16,2006-12-17 09:55:00,991,accepted_retained,0.308,1.528,5,30,1,,0,0,0,1.1394333333333333,1.1394333333333333,3.714,2.2788666666666666
17,2006-12-23 00:09:00,9045,rejected_dwell_failure,0.308,1.528,5,30,0,,0,0,0,0.8568333333333333,0.8568333333333333,2.476,1.713666666666667
18,2006-12-23 00:14:00,9050,rejected_dwell_failure,0.308,1.528,5,30,0,,0,0,0,0.8625333333333333,0.8625333333333333,2.476,1.7250666666666665
19,2006-12-23 00:52:00,9088,rejected_dwell_failure,0.308,1.528,5,30,0,,0,0,0,0.8971333333333333,0.8971333333333333,2.582,1.7942666666666667
20,2006-12-23 01:47:00,9143,rejected_dwell_failure,0.308,1.528,5,30,0,,0,0,0,0.8601333333333333,0.8601333333333333,2.542,1.7202666666666666
21,2006-12-23 01:59:00,9155,rejected_dwell_failure,0.308,1.528,5,30,0,,0,0,0,0.8685666666666666,0.8685666666666666,2.444,1.7371333333333332
22,2006-12-23 02:11:00,9167,rejected_dwell_failure,0.308,1.528,5,30,0,,0,0,0,0.8751666666666666,0.8751666666666666,2.444,1.7503333333333333
23,2006-12-23 02:26:00,9182,rejected_dwell_failure,0.308,1.528,5,30,0,,0,0,0,0.8660333333333332,0.8660333333333332,2.446,1.7320666666666666
24,2006-12-23 02:35:00,9191,rejected_dwell_failure,0.308,1.528,5,30,0,,0,0,0,0.8750666666666667,0.8750666666666667,2.446,1.7501333333333333
25,2006-12-23 03:09:00,9225,rejected_dwell_failure,0.308,1.528,5,30,0,,0,0,0,0.9205333333333334,0.9205333333333334,2.5,1.8410666666666669
26,2006-12-23 03:46:00,9262,rejected_dwell_failure,0.308,1.528,5,30,0,,0,0,0,0.8921999999999999,0.8921999999999999,2.424,1.7844
27,2006-12-23 03:51:00,9267,rejected_dwell_failure,0.308,1.528,5,30,0,,0,0,0,0.8915000000000001,0.8915000000000001,2.424,1.7830000000000001
28,2006-12-23 04:00:00,9276,rejected_dwell_failure,0.308,1.528,5,30,0,,0,0,0,0.8926666666666667,0.8926666666666667,2.424,1.7853333333333334
29,2006-12-23 04:19:00,9295,rejected_dwell_failure,0.308,1.528,5,30,0,,0,0,0,0.9059333333333333,0.9059333333333333,2.452,1.8118666666666665
30,2006-12-23 04:24:00,9300,rejected_dwell_failure,0.308,1.528,5,30,0,,0,0,0,0.9234999999999999,0.9234999999999999,2.452,1.847
31,2006-12-23 04:34:00,9310,rejected_dwell_failure,0.308,1.528,5,30,0,,0,0,0,1.1013666666666666,1.1013666666666666,3.428,2.202733333333333
32,2006-12-23 04:50:00,9326,accepted_retained,0.308,1.528,5,30,1,,0,0,0,1.386066666666667,1.386066666666667,3.526,2.772133333333334
33,2006-12-23 05:31:00,9367,rejected_dwell_failure,0.308,1.528,5,30,0,,0,0,0,0.9219666666666667,0.9219666666666667,2.588,1.8439333333333334
34,2006-12-23 05:36:00,9372,rejected_dwell_failure,0.308,1.528,5,30,0,,0,0,0,0.9350666666666666,0.9350666666666666,2.588,1.8701333333333332
35,2006-12-23 05:41:00,9377,rejected_dwell_failure,0.308,1.528,5,30,0,,0,0,0,0.9094666666666665,0.9094666666666665,2.588,1.818933333333333
36,2006-12-23 05:59:00,9395,rejected_dwell_failure,0.308,1.528,5,30,0,,0,0,0,0.8573333333333332,0.8573333333333332,2.478,1.7146666666666663
37,2006-12-23 06:12:00,9408,rejected_dwell_failure,0.308,1.528,5,30,0,,0,0,0,0.8168000000000002,0.8168000000000002,2.478,1.6336000000000004
38,2006-12-23 06:32:00,9428,rejected_dwell_failure,0.308,1.528,5,30,0,,0,0,0,0.7941,0.7941,2.448,1.5882
39,2006-12-24 02:37:00,10633,rejected_dwell_failure,0.308,1.528,5,30,0,,0,0,0,0.827,0.827,2.536,1.654
40,2006-12-24 02:43:00,10639,rejected_dwell_failure,0.308,1.528,5,30,0,,0,0,0,0.8336666666666667,0.8336666666666667,2.536,1.6673333333333333
41,2006-12-24 03:01:00,10657,rejected_dwell_failure,0.308,1.528,5,30,0,,0,0,0,0.8271333333333333,0.8271333333333333,2.502,1.6542666666666668
42,2006-12-24 03:18:00,10674,rejected_dwell_failure,0.308,1.528,5,30,0,,0,0,0,0.8148333333333332,0.8148333333333332,2.502,1.6296666666666664
43,2006-12-24 04:23:00,10739,rejected_dwell_failure,0.308,1.528,5,30,0,,0,0,0,0.8231666666666667,0.8231666666666667,2.546,1.6463333333333334
44,2006-12-24 04:57:00,10773,rejected_dwell_failure,0.308,1.528,5,30,0,,0,0,0,0.8550666666666665,0.8550666666666665,2.612,1.710133333333333
45,2006-12-24 07:35:00,10931,rejected_dwell_failure,0.308,1.528,5,30,0,,0,0,0,0.7508666666666667,0.7508666666666667,2.392,1.5017333333333334
46,2006-12-24 07:41:00,10937,rejected_dwell_failure,0.308,1.528,5,30,0,,0,0,0,0.7340999999999999,0.7340999999999999,2.392,1.4681999999999997
47,2006-12-24 08:00:00,10956,rejected_dwell_failure,0.308,1.528,5,30,0,,0,0,0,0.7372666666666666,0.7372666666666666,2.372,1.4745333333333333
48,2006-12-24 08:16:00,10972,rejected_dwell_failure,0.308,1.528,5,30,0,,0,0,0,0.7217333333333332,0.7217333333333332,2.372,1.4434666666666665
49,2006-12-24 08:29:00,10985,rejected_dwell_failure,0.308,1.528,5,30,0,,0,0,0,0.7239999999999999,0.7239999999999999,2.396,1.4479999999999997
50,2006-12-24 08:38:00,10994,rejected_dwell_failure,0.308,1.528,5,30,0,,0,0,0,0.7125333333333332,0.7125333333333332,2.426,1.4250666666666665
51,2006-12-24 08:49:00,11005,rejected_dwell_failure,0.308,1.528,5,30,0,,0,0,0,1.1283999999999998,1.1283999999999998,6.14,2.2567999999999997
52,2006-12-24 09:05:00,11021,rejected_dwell_failure,0.308,1.528,5,30,0,,0,0,0,1.4570666666666665,1.4570666666666665,6.14,2.914133333333333
53,2006-12-29 00:13:00,17689,rejected_dwell_failure,0.308,1.528,5,30,0,,0,0,0,0.7461333333333333,0.7461333333333333,2.71,1.4922666666666666
54,2006-12-29 00:48:00,17724,rejected_dwell_failure,0.308,1.528,5,30,0,,0,0,0,0.7007333333333333,0.7007333333333333,2.49,1.4014666666666666
55,2006-12-29 00:54:00,17730,rejected_dwell_failure,0.308,1.528,5,30,0,,0,0,0,0.7412333333333335,0.7412333333333335,2.804,1.482466666666667
56,2006-12-29 01:00:00,17736,rejected_dwell_failure,0.308,1.528,5,30,0,,0,0,0,0.8553666666666666,0.8553666666666666,3.488,1.7107333333333332
57,2006-12-29 01:06:00,17742,rejected_dwell_failure,0.308,1.528,5,30,0,,0,0,0,0.9586333333333333,0.9586333333333333,3.516,1.9172666666666667
58,2006-12-29 02:19:00,17815,accepted_retained,0.308,1.528,5,30,1,,0,0,0,1.238066666666667,1.238066666666667,2.636,2.476133333333334
59,2006-12-30 23:35:00,20531,rejected_dwell_failure,0.308,1.528,5,30,0,,0,0,0,0.35496666666666676,0.35496666666666676,2.452,0.7099333333333335
60,2006-12-30 23:46:00,20542,rejected_dwell_failure,0.308,1.528,5,30,0,,0,0,0,0.3664666666666666,0.3664666666666666,2.494,0.7329333333333332
61,2006-12-30 23:57:00,20553,rejected_dwell_failure,0.308,1.528,5,30,0,,0,0,0,0.38856666666666667,0.38856666666666667,2.494,0.7771333333333333
62,2006-12-31 01:01:00,20617,rejected_dwell_failure,0.308,1.528,5,30,0,,0,0,0,0.36339999999999995,0.36339999999999995,2.374,0.7268
63,2006-12-31 01:33:00,20649,rejected_dwell_failure,0.308,1.528,5,30,0,,0,0,0,0.3566,0.3566,2.442,0.7132
64,2006-12-31 03:00:00,20736,rejected_dwell_failure,0.308,1.528,5,30,0,,0,0,0,0.4145000000000001,0.4145000000000001,2.546,0.8290000000000002
65,2006-12-31 03:28:00,20764,rejected_dwell_failure,0.308,1.528,5,30,0,,0,0,0,0.42310000000000003,0.42310000000000003,2.412,0.8462000000000001
66,2006-12-31 04:04:00,20800,rejected_dwell_failure,0.308,1.528,5,30,0,,0,0,0,0.4598333333333333,0.4598333333333333,3.112,0.9196666666666666
67,2006-12-31 04:13:00,20809,rejected_dwell_failure,0.308,1.528,5,30,0,,0,0,0,0.6326666666666668,0.6326666666666668,3.456,1.2653333333333336
68,2007-01-14 03:13:00,40909,rejected_dwell_failure,0.308,1.528,5,30,0,,0,0,0,0.5680333333333331,0.5680333333333331,2.378,1.1360666666666661
69,2007-01-14 03:18:00,40914,rejected_dwell_failure,0.308,1.528,5,30,0,,0,0,0,0.5761999999999999,0.5761999999999999,2.378,1.1523999999999999
70,2007-01-14 03:43:00,40939,rejected_dwell_failure,0.308,1.528,5,30,0,,0,0,0,0.5945333333333334,0.5945333333333334,2.394,1.1890666666666667
71,2007-01-14 03:54:00,40950,rejected_dwell_failure,0.308,1.528,5,30,0,,0,0,0,0.5892,0.5892,2.394,1.1784
72,2007-01-14 04:25:00,40981,rejected_dwell_failure,0.308,1.528,5,30,0,,0,0,0,0.5936666666666666,0.5936666666666666,2.382,1.1873333333333334
73,2007-01-14 04:31:00,40987,rejected_dwell_failure,0.308,1.528,5,30,0,,0,0,0,0.6078333333333334,0.6078333333333334,2.432,1.215666666666667
74,2007-01-14 04:48:00,41004,rejected_dwell_failure,0.308,1.528,5,30,0,,0,0,0,0.6328999999999999,0.6328999999999999,2.432,1.2657999999999998
75,2007-01-14 05:33:00,41049,rejected_dwell_failure,0.308,1.528,5,30,0,,0,0,0,0.6031333333333333,0.6031333333333333,2.404,1.2062666666666666
76,2007-01-14 05:38:00,41054,rejected_dwell_failure,0.308,1.528,5,30,0,,0,0,0,0.6412666666666668,0.6412666666666668,2.666,1.2825333333333335
77,2007-01-14 07:00:00,41136,rejected_dwell_failure,0.308,1.528,5,30,0,,0,0,0,0.5689999999999998,0.5689999999999998,2.424,1.1379999999999997
78,2007-01-14 07:06:00,41142,rejected_dwell_failure,0.308,1.528,5,30,0,,0,0,0,0.5783666666666667,0.5783666666666667,2.424,1.1567333333333336
79,2007-01-14 07:38:00,41174,rejected_dwell_failure,0.308,1.528,5,30,0,,0,0,0,0.5732333333333334,0.5732333333333334,2.494,1.1464666666666667
80,2007-01-14 08:01:00,41197,rejected_dwell_failure,0.308,1.528,5,30,0,,0,0,0,0.5342666666666667,0.5342666666666667,2.386,1.0685333333333333
81,2007-01-14 08:07:00,41203,rejected_dwell_failure,0.308,1.528,5,30,0,,0,0,0,0.6923666666666666,0.6923666666666666,5.686,1.3847333333333331
82,2007-01-14 08:52:00,41248,rejected_dwell_failure,0.308,1.528,5,30,0,,0,0,0,0.7355666666666667,0.7355666666666667,2.774,1.4711333333333334
83,2007-01-20 01:05:00,49421,rejected_dwell_failure,0.308,1.528,5,30,0,,0,0,0,0.6117666666666665,0.6117666666666665,2.506,1.223533333333333
84,2007-01-20 01:33:00,49449,rejected_dwell_failure,0.308,1.528,5,30,0,,0,0,0,0.5688,0.5688,2.422,1.1376
85,2007-01-20 01:39:00,49455,rejected_dwell_failure,0.308,1.528,5,30,0,,0,0,0,0.5722999999999999,0.5722999999999999,2.434,1.1445999999999998
86,2007-01-20 02:08:00,49484,rejected_dwell_failure,0.308,1.528,5,30,0,,0,0,0,0.5742333333333334,0.5742333333333334,2.422,1.1484666666666667
87,2007-01-20 02:19:00,49495,rejected_dwell_failure,0.308,1.528,5,30,0,,0,0,0,0.5528,0.5528,2.422,1.1056
88,2007-01-20 02:48:00,49524,rejected_dwell_failure,0.308,1.528,5,30,0,,0,0,0,0.5659,0.5659,2.522,1.1318
89,2007-01-20 03:20:00,49556,rejected_dwell_failure,0.308,1.528,5,30,0,,0,0,0,0.5417666666666666,0.5417666666666666,2.436,1.0835333333333332
90,2007-01-20 03:57:00,49593,rejected_dwell_failure,0.308,1.528,5,30,0,,0,0,0,0.5329333333333333,0.5329333333333333,2.398,1.0658666666666667
91,2007-01-20 04:41:00,49637,rejected_dwell_failure,0.308,1.528,5,30,0,,0,0,0,0.5661666666666665,0.5661666666666665,2.482,1.132333333333333
92,2007-01-20 04:54:00,49650,rejected_dwell_failure,0.308,1.528,5,30,0,,0,0,0,0.5747333333333333,0.5747333333333333,2.482,1.1494666666666666
93,2007-01-20 05:20:00,49676,rejected_dwell_failure,0.308,1.528,5,30,0,,0,0,0,0.5659999999999998,0.5659999999999998,2.362,1.132
94,2007-01-20 06:00:00,49716,rejected_dwell_failure,0.308,1.528,5,30,0,,0,0,0,0.5771000000000001,0.5771000000000001,2.398,1.1542000000000001
95,2007-01-20 06:28:00,49744,rejected_dwell_failure,0.308,1.528,5,30,0,,0,0,0,0.5934333333333334,0.5934333333333334,2.568,1.1868666666666667
96,2007-01-20 06:41:00,49757,rejected_dwell_failure,0.308,1.528,5,30,0,,0,0,0,0.5938999999999999,0.5938999999999999,2.568,1.1877999999999997
97,2007-01-20 07:01:00,49777,rejected_dwell_failure,0.308,1.528,5,30,0,,0,0,0,0.8698333333333333,0.8698333333333333,3.504,1.739666666666667
98,2007-01-21 01:14:00,50870,rejected_dwell_failure,0.308,1.528,5,30,0,,0,0,0,0.6552333333333332,0.6552333333333332,2.516,1.3104666666666664
99,2007-01-21 02:24:00,50940,rejected_dwell_failure,0.308,1.528,5,30,0,,0,0,0,0.6084,0.6084,2.418,1.2168
100,2007-01-21 02:47:00,50963,rejected_dwell_failure,0.308,1.528,5,30,0,,0,0,0,0.6018666666666667,0.6018666666666667,2.476,1.2037333333333333
101,2007-01-21 02:58:00,50974,rejected_dwell_failure,0.308,1.528,5,30,0,,0,0,0,0.6419000000000001,0.6419000000000001,2.476,1.2838000000000003
102,2007-01-21 03:26:00,51002,rejected_dwell_failure,0.308,1.528,5,30,0,,0,0,0,0.6053333333333335,0.6053333333333335,2.538,1.210666666666667
103,2007-01-21 03:31:00,51007,rejected_dwell_failure,0.308,1.528,5,30,0,,0,0,0,0.6280666666666667,0.6280666666666667,2.538,1.2561333333333333
104,2007-01-21 03:36:00,51012,rejected_dwell_failure,0.308,1.528,5,30,0,,0,0,0,0.6328666666666667,0.6328666666666667,2.538,1.2657333333333334
105,2007-01-21 03:46:00,51022,rejected_dwell_failure,0.308,1.528,5,30,0,,0,0,0,0.6511666666666667,0.6511666666666667,2.538,1.3023333333333333
106,2007-01-21 04:10:00,51046,rejected_dwell_failure,0.308,1.528,5,30,0,,0,0,0,0.6221666666666668,0.6221666666666668,2.44,1.2443333333333335
107,2007-01-21 04:38:00,51074,rejected_dwell_failure,0.308,1.528,5,30,0,,0,0,0,0.6104333333333333,0.6104333333333333,2.43,1.2208666666666665
108,2007-01-21 04:52:00,51088,rejected_dwell_failure,0.308,1.528,5,30,0,,0,0,0,0.6122000000000001,0.6122000000000001,2.43,1.2244000000000002
109,2007-01-21 05:51:00,51147,rejected_dwell_failure,0.308,1.528,5,30,0,,0,0,0,0.9322,0.9322,4.342,1.8644
110,2007-01-21 06:00:00,51156,rejected_dwell_failure,0.308,1.528,5,30,0,,0,0,0,1.0832333333333333,1.0832333333333333,4.342,2.1664666666666665
111,2007-01-21 07:22:00,51238,rejected_dwell_failure,0.308,1.528,5,30,0,,0,0,0,0.6180000000000001,0.6180000000000001,2.434,1.2360000000000002
112,2007-01-21 07:49:00,51265,rejected_dwell_failure,0.308,1.528,5,30,0,,0,0,0,0.6083666666666667,0.6083666666666667,2.388,1.2167333333333334
113,2007-01-21 07:58:00,51274,rejected_dwell_failure,0.308,1.528,5,30,0,,0,0,0,0.6164,0.6164,2.388,1.2328
114,2007-01-21 08:07:00,51283,rejected_dwell_failure,0.308,1.528,5,30,0,,0,0,0,0.9001,0.9001,4.44,1.8002
115,2007-01-21 09:43:00,51379,rejected_dwell_failure,0.308,1.528,5,30,0,,0,0,0,1.072066666666667,1.072066666666667,3.468,2.144133333333334
116,2007-01-23 23:31:00,55087,rejected_first_exit,0.308,1.528,5,30,0,6,0,0,0,0.7045666666666665,0.7045666666666665,2.516,1.409133333333333
117,2007-01-23 23:50:00,55106,rejected_dwell_failure,0.308,1.528,5,30,0,,0,0,0,0.7522999999999999,0.7522999999999999,2.542,1.5045999999999997
118,2007-01-24 00:35:00,55151,accepted_retained,0.308,1.528,5,30,1,,0,0,0,1.252,1.252,3.534,2.504
119,2007-01-24 02:53:00,55289,rejected_dwell_failure,0.308,1.528,5,30,0,,0,0,0,0.7413666666666666,0.7413666666666666,2.528,1.4827333333333332
120,2007-01-24 03:07:00,55303,rejected_dwell_failure,0.308,1.528,5,30,0,,0,0,0,0.7658000000000001,0.7658000000000001,2.528,1.5316000000000003
121,2007-01-24 03:33:00,55329,rejected_dwell_failure,0.308,1.528,5,30,0,,0,0,0,0.7116000000000002,0.7116000000000002,2.438,1.4232000000000005
122,2007-01-24 03:39:00,55335,rejected_dwell_failure,0.308,1.528,5,30,0,,0,0,0,0.7380666666666666,0.7380666666666666,2.438,1.4761333333333333
123,2007-01-24 03:45:00,55341,rejected_dwell_failure,0.308,1.528,5,30,0,,0,0,0,0.7864333333333333,0.7864333333333333,2.438,1.5728666666666666
124,2007-01-24 03:56:00,55352,rejected_dwell_failure,0.308,1.528,5,30,0,,0,0,0,0.7323666666666668,0.7323666666666668,2.438,1.4647333333333337
125,2007-01-24 04:18:00,55374,rejected_dwell_failure,0.308,1.528,5,30,0,,0,0,0,0.7489333333333333,0.7489333333333333,2.504,1.4978666666666667
126,2007-01-24 04:33:00,55389,rejected_dwell_failure,0.308,1.528,5,30,0,,0,0,0,0.7242999999999998,0.7242999999999998,2.504,1.4485999999999997
127,2007-01-24 04:54:00,55410,rejected_first_exit,0.308,1.528,5,30,0,5,0,0,0,0.7662666666666669,0.7662666666666669,2.414,1.5325333333333337
128,2007-01-24 05:11:00,55427,rejected_first_exit,0.308,1.528,5,30,0,17,0,0,0,0.7479333333333334,0.7479333333333334,2.398,1.495866666666667
129,2007-01-24 05:29:00,55445,rejected_first_exit,0.308,1.528,5,30,0,6,0,0,0,0.7525666666666667,0.7525666666666667,2.518,1.5051333333333334
130,2007-01-24 05:38:00,55454,rejected_first_exit,0.308,1.528,5,30,0,6,0,0,0,0.7835333333333333,0.7835333333333333,2.53,1.5670666666666666
131,2007-01-24 05:47:00,55463,rejected_first_exit,0.308,1.528,5,30,0,5,0,0,0,0.7943,0.7943,2.53,1.5886
132,2007-01-24 06:31:00,55507,rejected_first_exit,0.308,1.528,5,30,0,22,0,0,0,0.7682333333333331,0.7682333333333331,2.63,1.5364666666666662
133,2007-01-24 06:57:00,55533,rejected_dwell_failure,0.308,1.528,5,30,0,,0,0,0,1.1201333333333332,1.1201333333333332,4.35,2.2402666666666664
134,2007-01-24 07:05:00,55541,rejected_dwell_failure,0.308,1.528,5,30,0,,0,0,0,1.6006666666666665,1.6006666666666665,7.248,3.201333333333333
135,2007-01-28 01:20:00,60956,rejected_first_exit,0.308,1.528,5,30,0,6,0,0,0,0.7507999999999997,0.7507999999999997,2.592,1.5015999999999994
136,2007-01-28 01:57:00,60993,rejected_first_exit,0.308,1.528,5,30,0,23,0,0,0,0.7861,0.7861,2.478,1.5722
137,2007-01-28 02:39:00,61035,rejected_dwell_failure,0.308,1.528,5,30,0,,0,0,0,0.7307666666666666,0.7307666666666666,2.47,1.4615333333333331
138,2007-01-28 03:00:00,61056,rejected_dwell_failure,0.308,1.528,5,30,0,,0,0,0,0.7578,0.7578,2.47,1.5156
139,2007-01-28 03:41:00,61097,rejected_dwell_failure,0.308,1.528,5,30,0,,0,0,0,0.7648666666666666,0.7648666666666666,2.554,1.5297333333333332
140,2007-01-28 04:25:00,61141,rejected_dwell_failure,0.308,1.528,5,30,0,,0,0,0,0.7219333333333332,0.7219333333333332,2.566,1.4438666666666664
141,2007-01-28 05:08:00,61184,rejected_dwell_failure,0.308,1.528,5,30,0,,0,0,0,0.7658666666666667,0.7658666666666667,2.554,1.5317333333333336
142,2007-01-28 05:34:00,61210,rejected_dwell_failure,0.308,1.528,5,30,0,,0,0,0,0.7706333333333334,0.7706333333333334,2.63,1.5412666666666668
143,2007-01-28 05:40:00,61216,rejected_dwell_failure,0.308,1.528,5,30,0,,0,0,0,0.7806333333333333,0.7806333333333333,2.63,1.5612666666666668
144,2007-01-28 05:47:00,61223,rejected_dwell_failure,0.308,1.528,5,30,0,,0,0,0,0.7927666666666667,0.7927666666666667,2.63,1.5855333333333335
145,2007-01-28 06:15:00,61251,rejected_dwell_failure,0.308,1.528,5,30,0,,0,0,0,0.7492,0.7492,2.48,1.4984
146,2007-01-28 06:28:00,61264,rejected_dwell_failure,0.308,1.528,5,30,0,,0,0,0,0.7566333333333335,0.7566333333333335,2.5,1.513266666666667
147,2007-01-28 07:00:00,61296,rejected_dwell_failure,0.308,1.528,5,30,0,,0,0,0,0.6809333333333333,0.6809333333333333,2.422,1.3618666666666666
148,2007-01-28 07:07:00,61303,rejected_dwell_failure,0.308,1.528,5,30,0,,0,0,0,0.6929333333333332,0.6929333333333332,2.422,1.3858666666666664
149,2007-02-03 04:28:00,69784,rejected_first_exit,0.308,1.528,5,30,0,24,0,0,0,1.0858999999999999,1.0858999999999999,2.554,2.1717999999999997
150,2007-02-03 04:53:00,69809,accepted_retained,0.308,1.528,5,30,1,,0,0,0,1.216633333333333,1.216633333333333,2.738,2.433266666666666
151,2007-02-03 06:53:00,69929,accepted_retained,0.308,1.528,5,30,1,,0,0,0,1.0947,1.0947,2.694,2.1894
152,2007-02-03 08:21:00,70017,accepted_retained,0.308,1.528,5,30,1,,0,0,0,1.2403000000000002,1.2403000000000002,5.238,2.4806000000000004
153,2007-02-04 03:21:00,71157,rejected_dwell_failure,0.308,1.528,5,30,0,,0,0,0,0.9661,0.9661,2.446,1.9322000000000001
154,2007-02-04 03:44:00,71180,rejected_first_exit,0.308,1.528,5,30,0,10,0,0,0,0.9880666666666666,0.9880666666666666,2.464,1.9761333333333333
155,2007-02-04 03:55:00,71191,rejected_dwell_failure,0.308,1.528,5,30,0,,0,0,0,0.9833666666666666,0.9833666666666666,2.464,1.9667333333333332
156,2007-02-04 05:07:00,71263,accepted_retained,0.308,1.528,5,30,1,,0,0,0,1.0098333333333334,1.0098333333333334,2.56,2.0196666666666667
157,2007-02-11 07:07:00,81463,accepted_retained,0.308,1.528,5,30,1,,0,0,0,0.9766333333333334,0.9766333333333334,2.498,1.9532666666666667
158,2007-02-23 11:08:00,98984,rejected_dwell_failure,0.308,1.528,5,30,0,,0,0,0,0.6634666666666665,0.6634666666666665,2.114,1.326933333333333
159,2007-03-21 06:43:00,136159,rejected_dwell_failure,0.308,1.528,5,30,0,,0,0,0,0.5341666666666667,0.5341666666666667,4.798,1.0683333333333336
160,2007-03-24 07:33:00,140529,rejected_dwell_failure,0.308,1.528,5,30,0,,0,0,0,0.8991666666666667,0.8991666666666667,5.14,1.7983333333333333
161,2007-03-30 17:33:00,149769,rejected_dwell_failure,0.308,1.528,5,30,0,,0,0,0,0.286,0.286,3.058,0.572
162,2007-04-01 17:03:00,152619,accepted_retained,0.308,1.528,5,30,1,,0,0,0,2.374166666666667,2.374166666666667,7.546,4.748333333333334
163,2007-04-09 22:32:00,164468,rejected_first_exit,0.308,1.528,5,30,0,25,0,0,0,0.6422666666666668,0.6422666666666668,2.672,1.2845333333333335
164,2007-04-16 12:46:00,173962,rejected_dwell_failure,0.308,1.528,5,30,0,,0,0,0,0.3643666666666666,0.3643666666666666,3.044,0.7287333333333332
165,2007-04-18 08:59:00,176615,rejected_first_exit,0.308,1.528,5,30,0,13,0,0,0,0.5598333333333332,0.5598333333333332,2.378,1.1196666666666664
166,2007-04-19 17:59:00,178595,rejected_first_exit,0.308,1.528,5,30,0,22,0,0,0,0.6270333333333333,0.6270333333333333,2.71,1.2540666666666667
167,2007-04-21 07:07:00,180823,rejected_first_exit,0.308,1.528,5,30,0,11,0,0,0,0.6361333333333334,0.6361333333333334,4.838,1.2722666666666669
168,2007-04-23 06:50:00,183686,rejected_dwell_failure,0.308,1.528,5,30,0,,0,0,0,0.8845,0.8845,4.676,1.769
169,2007-04-25 19:43:00,187339,rejected_first_exit,0.308,1.528,5,30,0,12,0,0,0,0.7745333333333333,0.7745333333333333,4.162,1.5490666666666668
170,2007-04-26 06:41:00,187997,rejected_dwell_failure,0.308,1.528,5,30,0,,0,0,0,0.47576666666666667,0.47576666666666667,4.222,0.9515333333333333
171,2007-04-30 19:33:00,194529,rejected_first_exit,0.308,1.528,5,30,0,6,0,0,0,0.5142333333333333,0.5142333333333333,2.458,1.0284666666666666
172,2007-05-02 11:11:00,196907,rejected_dwell_failure,0.308,1.528,5,30,0,,0,0,0,0.1667666666666667,0.1667666666666667,1.642,0.3335333333333334
173,2007-05-06 00:45:00,202041,rejected_dwell_failure,0.308,1.528,5,30,0,,0,0,0,0.39713333333333334,0.39713333333333334,2.274,0.7942666666666667
174,2007-05-06 00:54:00,202050,rejected_dwell_failure,0.308,1.528,5,30,0,,0,0,0,0.3995666666666667,0.3995666666666667,2.274,0.7991333333333334
175,2007-05-06 01:22:00,202078,rejected_dwell_failure,0.308,1.528,5,30,0,,0,0,0,0.3925333333333334,0.3925333333333334,2.262,0.7850666666666668
176,2007-05-06 01:41:00,202097,rejected_dwell_failure,0.308,1.528,5,30,0,,0,0,0,0.3840666666666666,0.3840666666666666,2.188,0.7681333333333332
177,2007-05-06 01:50:00,202106,rejected_dwell_failure,0.308,1.528,5,30,0,,0,0,0,0.3789999999999999,0.3789999999999999,2.188,0.7579999999999998
178,2007-05-06 02:27:00,202143,rejected_dwell_failure,0.308,1.528,5,30,0,,0,0,0,0.35066666666666657,0.35066666666666657,2.202,0.7013333333333331
179,2007-05-06 02:46:00,202162,rejected_dwell_failure,0.308,1.528,5,30,0,,0,0,0,0.4681666666666667,0.4681666666666667,3.11,0.9363333333333334
180,2007-05-06 03:52:00,202228,rejected_dwell_failure,0.308,1.528,5,30,0,,0,0,0,0.4192,0.4192,2.266,0.8384
181,2007-05-06 04:01:00,202237,rejected_dwell_failure,0.308,1.528,5,30,0,,0,0,0,0.4167666666666667,0.4167666666666667,2.266,0.8335333333333333
182,2007-05-06 04:10:00,202246,rejected_dwell_failure,0.308,1.528,5,30,0,,0,0,0,0.41266666666666674,0.41266666666666674,2.266,0.8253333333333335
183,2007-05-06 05:03:00,202299,rejected_dwell_failure,0.308,1.528,5,30,0,,0,0,0,0.38073333333333337,0.38073333333333337,2.208,0.7614666666666667
184,2007-05-06 05:12:00,202308,rejected_dwell_failure,0.308,1.528,5,30,0,,0,0,0,0.37693333333333334,0.37693333333333334,2.232,0.7538666666666667
185,2007-05-06 05:21:00,202317,rejected_dwell_failure,0.308,1.528,5,30,0,,0,0,0,0.37990000000000007,0.37990000000000007,2.274,0.7598000000000001
186,2007-05-06 05:39:00,202335,rejected_dwell_failure,0.308,1.528,5,30,0,,0,0,0,0.5793666666666667,0.5793666666666667,2.608,1.1587333333333334
187,2007-05-07 16:45:00,204441,rejected_first_exit,0.308,1.528,5,30,0,22,0,0,0,0.4184333333333334,0.4184333333333334,3.01,0.8368666666666668
188,2007-05-10 06:49:00,208165,rejected_dwell_failure,0.308,1.528,5,30,0,,0,0,0,0.41183333333333333,0.41183333333333333,4.276,0.8236666666666667
189,2007-05-11 19:29:00,210365,rejected_dwell_failure,0.308,1.528,5,30,0,,0,0,0,0.20819999999999997,0.20819999999999997,1.836,0.4164
190,2007-05-15 06:50:00,215366,rejected_dwell_failure,0.308,1.528,5,30,0,,0,0,0,0.4436999999999999,0.4436999999999999,4.228,0.8873999999999997
191,2007-05-17 15:56:00,218792,accepted_retained,0.308,1.528,5,30,1,,0,0,0,0.6754666666666668,0.6754666666666668,2.686,1.3509333333333335
192,2007-05-22 06:21:00,225417,rejected_first_exit,0.308,1.528,5,30,0,17,0,0,0,0.6141333333333333,0.6141333333333333,4.676,1.2282666666666666
193,2007-05-24 06:52:00,228328,rejected_dwell_failure,0.308,1.528,5,30,0,,0,0,0,0.8138333333333333,0.8138333333333333,2.952,1.6276666666666666
194,2007-05-29 06:26:00,235502,accepted_retained,0.308,1.528,5,30,1,,0,0,0,1.0363333333333333,1.0363333333333333,4.226,2.0726666666666667
195,2007-06-02 07:39:00,241335,rejected_first_exit,0.308,1.528,5,30,0,10,0,0,0,0.4814333333333334,0.4814333333333334,4.322,0.9628666666666668
196,2007-06-04 06:50:00,244166,rejected_dwell_failure,0.308,1.528,5,30,0,,0,0,0,0.4798333333333334,0.4798333333333334,4.452,0.9596666666666668
197,2007-06-07 19:53:00,249269,rejected_dwell_failure,0.308,1.528,5,30,0,,0,0,0,0.6527333333333334,0.6527333333333334,3.298,1.3054666666666668
198,2007-06-09 07:35:00,251411,rejected_dwell_failure,0.308,1.528,5,30,0,,0,0,0,0.47669999999999996,0.47669999999999996,4.548,0.9533999999999999
199,2007-06-10 12:33:00,253149,accepted_retained,0.308,1.528,5,30,1,,0,0,0,1.1172,1.1172,3.116,2.2344
200,2007-06-12 06:52:00,255688,rejected_dwell_failure,0.308,1.528,5,30,0,,0,0,0,0.37223333333333336,0.37223333333333336,3.734,0.7444666666666667
201,2007-06-13 15:37:00,257653,rejected_first_exit,0.308,1.528,5,30,0,13,0,0,0,0.5337333333333332,0.5337333333333332,2.488,1.0674666666666666
202,2007-06-14 06:53:00,258569,accepted_retained,0.308,1.528,5,30,1,,0,0,0,1.0937666666666668,1.0937666666666668,5.156,2.1875333333333336
203,2007-06-15 17:57:00,260673,accepted_retained,0.308,1.528,5,30,1,,0,0,0,1.4137333333333333,1.4137333333333333,3.694,2.8274666666666666
204,2007-06-15 21:09:00,260865,accepted_retained,0.308,1.528,5,30,1,,0,0,0,1.0643333333333334,1.0643333333333334,4.728,2.1286666666666667
205,2007-06-17 09:13:00,263029,rejected_dwell_failure,0.308,1.528,5,30,0,,0,0,0,0.8233333333333333,0.8233333333333333,3.728,1.6466666666666667
206,2007-06-20 06:26:00,267182,rejected_dwell_failure,0.308,1.528,5,30,0,,0,0,0,0.4503,0.4503,4.226,0.9006000000000001
207,2007-06-23 11:46:00,271822,rejected_dwell_failure,0.308,1.528,5,30,0,,0,0,0,0.31003333333333327,0.31003333333333327,2.926,0.6200666666666665
208,2007-06-25 23:44:00,275420,rejected_first_exit,0.308,1.528,5,30,0,18,0,0,0,0.7163666666666668,0.7163666666666668,3.184,1.4327333333333336
209,2007-06-27 13:57:00,277713,rejected_dwell_failure,0.308,1.528,5,30,0,,0,0,0,0.36763333333333326,0.36763333333333326,3.124,0.7352666666666665
210,2007-06-29 17:36:00,280812,rejected_dwell_failure,0.308,1.528,5,30,0,,0,0,0,0.3453666666666666,0.3453666666666666,3.162,0.6907333333333333
211,2007-06-29 18:28:00,280864,rejected_dwell_failure,0.308,1.528,5,30,0,,0,0,0,0.9000666666666666,0.9000666666666666,2.828,1.8001333333333334
212,2007-06-29 18:42:00,280878,accepted_retained,0.308,1.528,5,30,1,,0,0,0,1.1184,1.1184,2.87,2.2368
213,2007-07-01 02:28:00,282784,rejected_first_exit,0.308,1.528,5,30,0,14,0,0,0,0.5964666666666665,0.5964666666666665,2.484,1.192933333333333
214,2007-07-07 17:12:00,292308,rejected_first_exit,0.308,1.528,5,30,0,11,0,0,0,0.5968333333333332,0.5968333333333332,2.736,1.1936666666666664
215,2007-07-08 13:33:00,293529,rejected_first_exit,0.308,1.528,5,30,0,15,0,0,0,0.6319000000000001,0.6319000000000001,3.672,1.2638000000000003
216,2007-07-08 20:26:00,293942,rejected_first_exit,0.308,1.528,5,30,0,12,0,0,0,0.5295666666666666,0.5295666666666666,2.472,1.0591333333333333
217,2007-07-09 07:09:00,294585,accepted_retained,0.308,1.528,5,30,1,,0,0,0,0.9252,0.9252,4.956,1.8504
218,2007-07-11 06:49:00,297445,rejected_dwell_failure,0.308,1.528,5,30,0,,0,0,0,0.3534666666666667,0.3534666666666667,4.166,0.7069333333333334
219,2007-07-14 09:03:00,301899,rejected_dwell_failure,0.308,1.528,5,30,0,,0,0,0,0.3956666666666665,0.3956666666666665,4.468,0.791333333333333
220,2007-07-16 14:09:00,305085,rejected_first_exit,0.308,1.528,5,30,0,13,0,0,0,0.5555666666666664,0.5555666666666664,2.416,1.1111333333333329
221,2007-07-22 07:25:00,313321,accepted_retained,0.308,1.528,5,30,1,,0,0,0,0.8498,0.8498,3.904,1.6996
222,2007-07-22 23:26:00,314282,accepted_retained,0.308,1.528,5,30,1,,0,0,0,0.7500333333333332,0.7500333333333332,3.388,1.5000666666666664
223,2007-07-24 07:06:00,316182,rejected_dwell_failure,0.308,1.528,5,30,0,,0,0,0,0.47020000000000006,0.47020000000000006,2.876,0.9404000000000001
224,2007-07-26 06:53:00,319049,rejected_dwell_failure,0.308,1.528,5,30,0,,0,0,0,0.4079,0.4079,4.038,0.8158
225,2007-07-27 07:01:00,320497,accepted_retained,0.308,1.528,5,30,1,,0,0,0,1.084833333333333,1.084833333333333,4.608,2.169666666666666
226,2007-07-31 13:34:00,326650,rejected_first_exit,0.308,1.528,5,30,0,12,0,0,0,0.5025999999999999,0.5025999999999999,2.356,1.0051999999999999
227,2007-08-19 14:45:00,354081,rejected_dwell_failure,0.308,1.528,5,30,0,,0,0,0,0.4567,0.4567,2.522,0.9134
228,2007-08-19 15:06:00,354102,rejected_first_exit,0.308,1.528,5,30,0,7,0,0,0,0.9495000000000002,0.9495000000000002,3.85,1.8990000000000005
229,2007-08-19 15:14:00,354110,rejected_dwell_failure,0.308,1.528,5,30,0,,0,0,0,1.148633333333333,1.148633333333333,3.85,2.297266666666666
230,2007-08-23 06:37:00,359353,accepted_retained,0.308,1.528,5,30,1,,0,0,0,0.7421333333333333,0.7421333333333333,4.786,1.4842666666666666
231,2007-08-25 18:14:00,362930,accepted_retained,0.308,1.528,5,30,1,,0,0,0,0.9905666666666667,0.9905666666666667,3.606,1.9811333333333334
232,2007-08-27 07:04:00,365140,rejected_dwell_failure,0.308,1.528,5,30,0,,0,0,0,0.4624999999999999,0.4624999999999999,4.592,0.9249999999999999
233,2007-08-28 15:42:00,367098,rejected_first_exit,0.308,1.528,5,30,0,21,0,0,0,0.6761,0.6761,3.38,1.3522
234,2007-08-29 07:02:00,368018,rejected_dwell_failure,0.308,1.528,5,30,0,,0,0,0,0.5234333333333332,0.5234333333333332,3.46,1.0468666666666666
235,2007-08-30 06:55:00,369451,rejected_dwell_failure,0.308,1.528,5,30,0,,0,0,0,0.3625333333333334,0.3625333333333334,3.81,0.7250666666666667
236,2007-08-30 11:36:00,369732,rejected_dwell_failure,0.308,1.528,5,30,0,,0,0,0,0.4497333333333333,0.4497333333333333,3.372,0.8994666666666666
237,2007-09-08 08:17:00,382493,rejected_dwell_failure,0.308,1.528,5,30,0,,0,0,0,0.15043333333333334,0.15043333333333334,1.594,0.30086666666666667
238,2007-09-08 13:44:00,382820,rejected_dwell_failure,0.308,1.528,5,30,0,,0,0,0,0.16813333333333333,0.16813333333333333,1.584,0.33626666666666666
239,2007-09-09 10:11:00,384047,accepted_retained,0.308,1.528,5,30,1,,0,0,0,0.5703666666666666,0.5703666666666666,2.624,1.1407333333333332
240,2007-09-09 11:22:00,384118,accepted_retained,0.308,1.528,5,30,1,,0,0,0,1.1596000000000002,1.1596000000000002,4.216,2.3192000000000004
241,2007-09-16 09:32:00,394088,rejected_first_exit,0.308,1.528,5,30,0,7,0,0,0,0.3658,0.3658,3.528,0.7316
242,2007-09-23 10:48:00,404244,rejected_first_exit,0.308,1.528,5,30,0,17,0,0,0,0.7979666666666665,0.7979666666666665,2.614,1.5959333333333332
243,2007-10-04 16:00:00,420396,rejected_dwell_failure,0.308,1.528,5,30,0,,0,0,0,0.26403333333333334,0.26403333333333334,2.986,0.5280666666666667
244,2007-10-13 13:49:00,433225,accepted_retained,0.308,1.528,5,30,1,,0,0,0,0.5775333333333333,0.5775333333333333,2.534,1.1550666666666667
245,2007-10-16 11:41:00,437417,accepted_retained,0.308,1.528,5,30,1,,0,0,0,0.7991999999999998,0.7991999999999998,3.598,1.5983999999999996
246,2007-10-18 06:52:00,440008,accepted_retained,0.308,1.528,5,30,1,,0,0,0,1.0618666666666667,1.0618666666666667,5.532,2.1237333333333335
247,2007-10-24 13:37:00,449053,rejected_dwell_failure,0.308,1.528,5,30,0,,0,0,0,0.21859999999999996,0.21859999999999996,1.538,0.4371999999999999
248,2007-12-16 01:27:00,524643,rejected_dwell_failure,0.308,1.528,5,30,0,,0,0,0,0.5269666666666666,0.5269666666666666,1.932,1.0539333333333334
249,2007-12-16 02:18:00,524694,rejected_dwell_failure,0.308,1.528,5,30,0,,0,0,0,0.6385333333333334,0.6385333333333334,2.404,1.2770666666666668
250,2007-12-16 05:56:00,524912,rejected_first_exit,0.308,1.528,5,30,0,14,0,0,0,0.5599333333333333,0.5599333333333333,1.974,1.1198666666666666
251,2007-12-16 06:45:00,524961,rejected_dwell_failure,0.308,1.528,5,30,0,,0,0,0,0.5462333333333333,0.5462333333333333,2.184,1.0924666666666667
252,2007-12-26 00:32:00,538988,rejected_dwell_failure,0.308,1.528,5,30,0,,0,0,0,0.5758666666666665,0.5758666666666665,1.856,1.151733333333333
253,2007-12-29 07:13:00,543709,rejected_dwell_failure,0.308,1.528,5,30,0,,0,0,0,0.7029999999999998,0.7029999999999998,1.858,1.4059999999999997
254,2007-12-29 07:52:00,543748,rejected_dwell_failure,0.308,1.528,5,30,0,,0,0,0,0.6236666666666669,0.6236666666666669,1.878,1.2473333333333338
255,2008-01-01 09:57:00,548193,rejected_dwell_failure,0.308,1.528,5,30,0,,0,0,0,0.3777666666666667,0.3777666666666667,3.902,0.7555333333333334
256,2008-01-09 16:24:00,560100,rejected_first_exit,0.308,1.528,5,30,0,15,0,0,0,0.8153333333333331,0.8153333333333331,3.874,1.6306666666666663
257,2008-02-02 01:07:00,593743,rejected_first_exit,0.308,1.528,5,30,0,15,0,0,0,0.6837,0.6837,2.566,1.3674
258,2008-02-20 12:48:00,620364,rejected_dwell_failure,0.308,1.528,5,30,0,,0,0,0,0.38609999999999994,0.38609999999999994,2.044,0.7721999999999999
259,2008-03-11 17:55:00,649471,accepted_retained,0.308,1.528,5,30,1,,0,0,0,1.577833333333333,1.577833333333333,3.502,3.155666666666666
260,2008-03-14 06:32:00,653108,rejected_dwell_failure,0.308,1.528,5,30,0,,0,0,0,0.5184333333333333,0.5184333333333333,3.958,1.0368666666666666
261,2008-03-19 12:21:00,660657,accepted_retained,0.308,1.528,5,30,1,,0,0,0,0.5268999999999999,0.5268999999999999,2.562,1.0537999999999998
262,2008-03-29 07:37:00,674773,rejected_dwell_failure,0.308,1.528,5,30,0,,0,0,0,0.3200333333333333,0.3200333333333333,3.548,0.6400666666666666
263,2008-04-04 19:08:00,684104,rejected_first_exit,0.308,1.528,5,30,0,26,0,0,0,0.9098333333333335,0.9098333333333335,3.574,1.819666666666667
264,2008-05-06 06:43:00,729439,rejected_dwell_failure,0.308,1.528,5,30,0,,0,0,0,0.4472333333333333,0.4472333333333333,4.082,0.8944666666666666
265,2008-05-13 14:33:00,739989,accepted_retained,0.308,1.528,5,30,1,,0,0,0,1.2446666666666668,1.2446666666666668,5.132,2.4893333333333336
266,2008-05-16 12:12:00,744168,rejected_dwell_failure,0.308,1.528,5,30,0,,0,0,0,0.8681666666666666,0.8681666666666666,4.856,1.7363333333333333
267,2008-05-20 19:22:00,750358,accepted_retained,0.308,1.528,5,30,1,,0,0,0,0.8620333333333334,0.8620333333333334,4.19,1.7240666666666669
268,2008-05-21 06:41:00,751037,rejected_dwell_failure,0.308,1.528,5,30,0,,0,0,0,0.9957666666666666,0.9957666666666666,4.092,1.9915333333333332
269,2008-05-21 15:02:00,751538,rejected_first_exit,0.308,1.528,5,30,0,12,0,0,0,0.5745333333333333,0.5745333333333333,2.526,1.1490666666666667
270,2008-05-21 16:19:00,751615,rejected_first_exit,0.308,1.528,5,30,0,16,0,0,0,0.6462666666666668,0.6462666666666668,2.618,1.2925333333333335
271,2008-05-22 06:53:00,752489,rejected_first_exit,0.308,1.528,5,30,0,28,0,0,0,0.5552333333333332,0.5552333333333332,3.994,1.1104666666666665
272,2008-05-28 06:39:00,761115,accepted_retained,0.308,1.528,5,30,1,,0,0,0,0.9733999999999999,0.9733999999999999,4.686,1.9467999999999999
273,2008-05-28 12:32:00,761468,rejected_dwell_failure,0.308,1.528,5,30,0,,0,0,0,0.36133333333333334,0.36133333333333334,3.046,0.7226666666666667
274,2008-06-01 14:21:00,767337,rejected_first_exit,0.308,1.528,5,30,0,10,0,0,0,0.49623333333333336,0.49623333333333336,2.532,0.9924666666666667
275,2008-06-05 06:37:00,772633,rejected_dwell_failure,0.308,1.528,5,30,0,,0,0,0,0.49423333333333336,0.49423333333333336,3.998,0.9884666666666668
276,2008-06-06 11:28:00,774364,rejected_dwell_failure,0.308,1.528,5,30,0,,0,0,0,0.29059999999999997,0.29059999999999997,3.034,0.5812
277,2008-06-06 12:25:00,774421,rejected_dwell_failure,0.308,1.528,5,30,0,,0,0,0,0.27173333333333344,0.27173333333333344,2.786,0.5434666666666669
278,2008-06-09 09:32:00,778568,accepted_retained,0.308,1.528,5,30,1,,0,0,0,0.6875666666666668,0.6875666666666668,2.636,1.3751333333333335
279,2008-06-11 06:37:00,781273,accepted_retained,0.308,1.528,5,30,1,,0,0,0,0.8391666666666667,0.8391666666666667,4.32,1.6783333333333335
280,2008-06-12 06:25:00,782701,accepted_retained,0.308,1.528,5,30,1,,0,0,0,1.0027333333333333,1.0027333333333333,4.816,2.0054666666666665
281,2008-06-15 07:33:00,787089,rejected_dwell_failure,0.308,1.528,5,30,0,,0,0,0,0.40666666666666657,0.40666666666666657,3.998,0.8133333333333331
282,2008-06-18 15:18:00,791874,rejected_first_exit,0.308,1.528,5,30,0,13,0,0,0,0.5833333333333334,0.5833333333333334,2.578,1.1666666666666667
283,2008-06-18 18:57:00,792093,accepted_retained,0.308,1.528,5,30,1,,0,0,0,1.4399000000000002,1.4399000000000002,5.134,2.8798000000000004
284,2008-06-20 18:02:00,794918,rejected_dwell_failure,0.308,1.528,5,30,0,,0,0,0,0.8140666666666667,0.8140666666666667,2.852,1.6281333333333334
285,2008-06-22 13:00:00,797496,rejected_dwell_failure,0.308,1.528,5,30,0,,0,0,0,0.6942666666666666,0.6942666666666666,3.482,1.3885333333333334
286,2008-06-26 12:36:00,803232,rejected_dwell_failure,0.308,1.528,5,30,0,,0,0,0,0.16456666666666667,0.16456666666666667,1.824,0.32913333333333333
287,2008-06-27 09:39:00,804495,rejected_first_exit,0.308,1.528,5,30,0,9,0,0,0,0.4176333333333333,0.4176333333333333,2.478,0.8352666666666667
288,2008-07-02 23:25:00,812521,rejected_first_exit,0.308,1.528,5,30,0,24,0,0,0,0.5959666666666665,0.5959666666666665,2.466,1.1919333333333333
289,2008-07-05 07:39:00,815895,rejected_dwell_failure,0.308,1.528,5,30,0,,0,0,0,0.2979666666666666,0.2979666666666666,3.26,0.5959333333333332
290,2008-07-06 08:11:00,817367,rejected_dwell_failure,0.308,1.528,5,30,0,,0,0,0,0.3523,0.3523,4.168,0.7046
291,2008-07-06 09:29:00,817445,rejected_first_exit,0.308,1.528,5,30,0,14,0,0,0,0.5717000000000001,0.5717000000000001,3.394,1.1434000000000002
292,2008-07-06 10:10:00,817486,rejected_dwell_failure,0.308,1.528,5,30,0,,0,0,0,0.6742333333333335,0.6742333333333335,1.664,1.348466666666667
293,2008-07-07 06:55:00,818731,rejected_dwell_failure,0.308,1.528,5,30,0,,0,0,0,0.5653333333333334,0.5653333333333334,3.466,1.1306666666666667
294,2008-07-15 13:42:00,830658,rejected_first_exit,0.308,1.528,5,30,0,13,0,0,0,0.6085666666666666,0.6085666666666666,2.448,1.2171333333333332
295,2008-07-16 08:06:00,831762,rejected_dwell_failure,0.308,1.528,5,30,0,,0,0,0,0.6803000000000001,0.6803000000000001,1.828,1.3606000000000003
296,2008-07-19 07:28:00,836044,rejected_dwell_failure,0.308,1.528,5,30,0,,0,0,0,0.37996666666666656,0.37996666666666656,3.648,0.7599333333333331
297,2008-07-20 00:56:00,837092,rejected_first_exit,0.308,1.528,5,30,0,14,0,0,0,0.6353333333333332,0.6353333333333332,3.194,1.2706666666666664
298,2008-07-27 08:33:00,847629,rejected_dwell_failure,0.308,1.528,5,30,0,,0,0,0,0.38566666666666666,0.38566666666666666,2.828,0.7713333333333333
299,2008-07-27 18:30:00,848226,rejected_dwell_failure,0.308,1.528,5,30,0,,0,0,0,0.4393,0.4393,1.872,0.8786
300,2008-09-02 17:16:00,901432,accepted_retained,0.308,1.528,5,30,1,,0,0,0,1.0538,1.0538,2.654,2.1076
301,2008-09-11 13:51:00,914187,accepted_retained,0.308,1.528,5,30,1,,0,0,0,0.7732,0.7732,3.086,1.5464
302,2008-09-19 01:08:00,924944,rejected_first_exit,0.308,1.528,5,30,0,13,0,0,0,0.5940333333333334,0.5940333333333334,2.478,1.1880666666666668
303,2008-10-10 18:38:00,956234,rejected_dwell_failure,0.308,1.528,5,30,0,,0,0,0,0.39130000000000004,0.39130000000000004,3.544,0.7826000000000001
304,2008-10-11 12:56:00,957332,accepted_retained,0.308,1.528,5,30,1,,0,0,0,0.7651666666666666,0.7651666666666666,4.26,1.5303333333333333
305,2008-10-13 15:21:00,960357,rejected_dwell_failure,0.308,1.528,5,30,0,,0,0,0,0.40629999999999994,0.40629999999999994,3.068,0.8125999999999999
306,2008-11-21 14:28:00,1016464,rejected_dwell_failure,0.308,1.528,5,30,0,,0,0,0,0.4267666666666667,0.4267666666666667,1.814,0.8535333333333334
307,2008-11-26 23:51:00,1024227,rejected_first_exit,0.308,1.528,5,30,0,9,0,0,0,0.528,0.528,2.046,1.056
308,2008-11-27 01:19:00,1024315,rejected_dwell_failure,0.308,1.528,5,30,0,,0,0,0,0.48489999999999994,0.48489999999999994,1.922,0.9697999999999999
309,2008-11-27 01:40:00,1024336,accepted_retained,0.308,1.528,5,30,1,,0,0,0,0.5080333333333334,0.5080333333333334,1.944,1.016066666666667
310,2008-11-27 05:31:00,1024567,rejected_first_exit,0.308,1.528,5,30,0,8,0,0,0,0.45629999999999993,0.45629999999999993,1.856,0.9125999999999999
311,2008-11-27 05:52:00,1024588,rejected_dwell_failure,0.308,1.528,5,30,0,,0,0,0,0.7049666666666667,0.7049666666666667,3.042,1.4099333333333335
312,2008-11-27 16:14:00,1025210,rejected_dwell_failure,0.308,1.528,5,30,0,,0,0,0,0.4844666666666666,0.4844666666666666,1.964,0.9689333333333333
313,2008-12-12 06:30:00,1046226,rejected_dwell_failure,0.308,1.528,5,30,0,,0,0,0,1.1712333333333333,1.1712333333333333,4.324,2.3424666666666667
314,2008-12-24 06:26:00,1063502,rejected_dwell_failure,0.308,1.528,5,30,0,,0,0,0,0.5138333333333335,0.5138333333333335,3.878,1.027666666666667
315,2008-12-28 10:53:00,1069529,rejected_first_exit,0.308,1.528,5,30,0,17,0,0,0,0.8489333333333334,0.8489333333333334,2.628,1.6978666666666669
316,2008-12-28 11:12:00,1069548,rejected_first_exit,0.308,1.528,5,30,0,7,0,0,0,0.42550000000000016,0.42550000000000016,2.508,0.8510000000000003
317,2009-01-07 16:45:00,1084281,accepted_retained,0.308,1.528,5,30,1,,0,0,0,0.6235666666666666,0.6235666666666666,4.26,1.2471333333333332
318,2009-01-24 14:05:00,1108601,rejected_first_exit,0.308,1.528,5,30,0,28,0,0,0,0.6839000000000001,0.6839000000000001,2.63,1.3678000000000001
319,2009-03-29 01:57:00,1200033,rejected_dwell_failure,0.308,1.528,5,30,0,,0,0,0,0.5603999999999998,0.5603999999999998,1.786,1.1207999999999996
320,2009-03-29 02:27:00,1200063,rejected_dwell_failure,0.308,1.528,5,30,0,,0,0,0,0.5733,0.5733,1.9,1.1466
321,2009-03-29 03:27:00,1200123,rejected_dwell_failure,0.308,1.528,5,30,0,,0,0,0,0.5733,0.5733,1.9,1.1466
322,2009-03-29 04:21:00,1200177,rejected_dwell_failure,0.308,1.528,5,30,0,,0,0,0,0.6177,0.6177,1.89,1.2354
323,2009-03-29 06:56:00,1200332,rejected_dwell_failure,0.308,1.528,5,30,0,,0,0,0,0.6191666666666666,0.6191666666666666,1.986,1.2383333333333333
324,2009-03-29 07:21:00,1200357,rejected_dwell_failure,0.308,1.528,5,30,0,,0,0,0,0.6023,0.6023,1.878,1.2046
325,2009-03-29 07:45:00,1200381,rejected_dwell_failure,0.308,1.528,5,30,0,,0,0,0,0.7930999999999999,0.7930999999999999,2.392,1.5862
326,2009-04-01 02:45:00,1204401,rejected_dwell_failure,0.308,1.528,5,30,0,,0,0,0,0.35856666666666653,0.35856666666666653,2.102,0.7171333333333331
327,2009-04-01 05:45:00,1204581,rejected_dwell_failure,0.308,1.528,5,30,0,,0,0,0,0.35316666666666674,0.35316666666666674,1.956,0.7063333333333335
328,2009-04-08 10:50:00,1214966,accepted_retained,0.308,1.528,5,30,1,,0,0,0,1.2255999999999998,1.2255999999999998,3.206,2.4511999999999996
329,2009-04-18 19:12:00,1229868,accepted_retained,0.308,1.528,5,30,1,,0,0,0,1.2509666666666666,1.2509666666666666,3.526,2.501933333333333
330,2009-05-04 02:02:00,1251878,rejected_dwell_failure,0.308,1.528,5,30,0,,0,0,0,0.5367666666666667,0.5367666666666667,1.918,1.0735333333333335
331,2009-05-04 03:30:00,1251966,rejected_dwell_failure,0.308,1.528,5,30,0,,0,0,0,0.5061000000000001,0.5061000000000001,2.034,1.0122000000000002
332,2009-06-21 16:47:00,1321883,rejected_dwell_failure,0.308,1.528,5,30,0,,0,0,0,0.3205666666666666,0.3205666666666666,3.008,0.6411333333333332
333,2009-06-28 09:56:00,1331552,rejected_first_exit,0.308,1.528,5,30,0,11,0,0,0,0.5604333333333331,0.5604333333333331,2.61,1.1208666666666665
334,2009-06-30 15:17:00,1334753,rejected_dwell_failure,0.308,1.528,5,30,0,,0,0,0,0.5184000000000001,0.5184000000000001,2.572,1.0368000000000002
335,2009-07-03 09:03:00,1338699,rejected_first_exit,0.308,1.528,5,30,0,12,0,0,0,0.5317000000000001,0.5317000000000001,2.49,1.0634000000000001
336,2009-07-04 07:08:00,1340024,rejected_dwell_failure,0.308,1.528,5,30,0,,0,0,0,0.3956666666666667,0.3956666666666667,3.294,0.7913333333333334
337,2009-07-04 08:09:00,1340085,rejected_first_exit,0.308,1.528,5,30,0,11,0,0,0,0.8487999999999999,0.8487999999999999,2.542,1.6976
338,2009-07-04 08:21:00,1340097,rejected_first_exit,0.308,1.528,5,30,0,9,0,0,0,0.5404333333333332,0.5404333333333332,2.542,1.0808666666666664
339,2009-07-05 08:01:00,1341517,rejected_dwell_failure,0.308,1.528,5,30,0,,0,0,0,0.37906666666666666,0.37906666666666666,3.008,0.7581333333333333
340,2009-07-06 20:14:00,1343690,rejected_dwell_failure,0.308,1.528,5,30,0,,0,0,0,0.38319999999999993,0.38319999999999993,3.05,0.7663999999999999
341,2009-07-07 11:06:00,1344582,rejected_dwell_failure,0.308,1.528,5,30,0,,0,0,0,0.3232333333333333,0.3232333333333333,2.242,0.6464666666666666
342,2009-07-14 11:33:00,1354689,accepted_retained,0.308,1.528,5,30,1,,0,0,0,1.1871999999999998,1.1871999999999998,2.998,2.3743999999999996
343,2009-07-21 20:11:00,1365287,rejected_dwell_failure,0.308,1.528,5,30,0,,0,0,0,0.3932333333333333,0.3932333333333333,1.934,0.7864666666666668
344,2009-07-23 03:59:00,1367195,rejected_first_exit,0.308,1.528,5,30,0,16,0,0,0,0.6547,0.6547,3.132,1.3094
345,2009-08-01 17:56:00,1380992,rejected_dwell_failure,0.308,1.528,5,30,0,,0,0,0,0.3453666666666666,0.3453666666666666,1.618,0.6907333333333333
346,2009-08-17 16:10:00,1403926,rejected_dwell_failure,0.308,1.528,5,30,0,,0,0,0,0.39783333333333326,0.39783333333333326,3.084,0.7956666666666666
347,2009-08-22 10:25:00,1410781,rejected_first_exit,0.308,1.528,5,30,0,12,0,0,0,0.7547333333333333,0.7547333333333333,4.07,1.5094666666666667
348,2009-09-06 13:56:00,1432592,rejected_first_exit,0.308,1.528,5,30,0,16,0,0,0,0.6770666666666669,0.6770666666666669,3.108,1.3541333333333339
349,2009-09-12 12:24:00,1441140,accepted_retained,0.308,1.528,5,30,1,,0,0,0,1.0415666666666665,1.0415666666666665,3.368,2.083133333333333
350,2009-09-13 12:40:00,1442596,accepted_retained,0.308,1.528,5,30,1,,0,0,0,1.3819000000000006,1.3819000000000006,3.094,2.763800000000001
351,2009-09-27 15:56:00,1462952,rejected_first_exit,0.308,1.528,5,30,0,13,0,0,0,0.7896666666666666,0.7896666666666666,4.696,1.5793333333333333
352,2009-11-20 14:12:00,1540608,rejected_first_exit,0.308,1.528,5,30,0,16,0,0,0,0.3647,0.3647,1.916,0.7294
353,2009-12-16 12:59:00,1577975,rejected_dwell_failure,0.308,1.528,5,30,0,,0,0,0,0.2905999999999999,0.2905999999999999,3.208,0.5811999999999998
354,2009-12-18 13:55:00,1580911,accepted_retained,0.308,1.528,5,30,1,,0,0,0,0.7041333333333333,0.7041333333333333,1.898,1.4082666666666666
355,2010-05-30 12:16:00,1815532,rejected_first_exit,0.308,1.528,5,30,0,16,0,0,0,0.6081666666666665,0.6081666666666665,2.556,1.2163333333333333
356,2010-06-03 19:04:00,1821700,accepted_retained,0.308,1.528,5,30,1,,0,0,0,0.8778333333333331,0.8778333333333331,2.318,1.7556666666666663
357,2010-06-04 13:42:00,1822818,accepted_retained,0.308,1.528,5,30,1,,0,0,0,1.0638999999999998,1.0638999999999998,3.422,2.1277999999999997
358,2010-06-11 17:10:00,1833106,rejected_dwell_failure,0.308,1.528,5,30,0,,0,0,0,0.39356666666666656,0.39356666666666656,2.09,0.7871333333333331
359,2010-06-14 19:36:00,1837572,rejected_dwell_failure,0.308,1.528,5,30,0,,0,0,0,0.8473333333333334,0.8473333333333334,3.934,1.6946666666666668
360,2010-06-22 13:43:00,1848739,accepted_retained,0.308,1.528,5,30,1,,0,0,0,0.6709333333333335,0.6709333333333335,2.594,1.341866666666667
361,2010-06-23 19:17:00,1850513,accepted_retained,0.308,1.528,5,30,1,,0,0,0,1.4420666666666664,1.4420666666666664,4.554,2.8841333333333328
362,2010-07-21 01:28:00,1889764,rejected_first_exit,0.308,1.528,5,30,0,12,0,0,0,0.549,0.549,2.656,1.098
363,2010-07-21 19:48:00,1890864,accepted_retained,0.308,1.528,5,30,1,,0,0,0,1.0654000000000001,1.0654000000000001,2.588,2.1308000000000002
364,2010-08-17 13:05:00,1929341,rejected_dwell_failure,0.308,1.528,5,30,0,,0,0,0,0.21580000000000002,0.21580000000000002,3.056,0.4316000000000001
365,2010-09-06 19:02:00,1958498,accepted_retained,0.308,1.528,5,30,1,,0,0,0,0.8182666666666668,0.8182666666666668,4.176,1.6365333333333336
366,2010-09-07 10:45:00,1959441,rejected_first_exit,0.308,1.528,5,30,0,21,0,0,0,0.5713666666666666,0.5713666666666666,2.534,1.1427333333333332
367,2010-09-10 11:52:00,1963828,rejected_dwell_failure,0.308,1.528,5,30,0,,0,0,0,0.2807666666666666,0.2807666666666666,3.074,0.5615333333333332
368,2010-09-18 18:52:00,1975768,rejected_first_exit,0.308,1.528,5,30,0,10,0,0,0,0.5188666666666666,0.5188666666666666,1.856,1.0377333333333332
369,2010-09-20 13:57:00,1978353,rejected_dwell_failure,0.308,1.528,5,30,0,,0,0,0,0.36950000000000005,0.36950000000000005,1.962,0.7390000000000001
370,2010-09-22 12:44:00,1981160,accepted_retained,0.308,1.528,5,30,1,,0,0,0,0.7981666666666667,0.7981666666666667,2.632,1.5963333333333334
371,2010-09-24 14:37:00,1984153,rejected_first_exit,0.308,1.528,5,30,0,14,0,0,0,0.7074333333333334,0.7074333333333334,3.952,1.414866666666667
372,2010-10-03 16:22:00,1997218,rejected_dwell_failure,0.308,1.528,5,30,0,,0,0,0,0.2959333333333333,0.2959333333333333,2.158,0.5918666666666667
